"id","name","vendor","category","releaseTrigger","verifiesDeath","providerCanReadUserData","passwordsIncluded","delay","price","verificationStatus","sources","notes"
"apple-legacy-contact","Legacy Contact (Digital Legacy)","Apple","platform_legacy_feature","death_certificate_human_review","yes","yes","no","unknown","free","verified","https://support.apple.com/en-us/102631","The strongest of the big-platform options and it excludes the one category families need. Apple's own words: ""Inaccessible data includes movies, music, books, or subscriptions you purchased with your Apple Account, and data stored in your iCloud Keychain (payment information, passwords, and passkeys)."" To file an access request the contact needs both the access key generated at setup and a death certificate. Apple's page also states that in the U.S. and other locales access can be requested with a court order naming the requester as rightful inheritor."
"google-inactive-account-manager","Inactive Account Manager","Google","platform_legacy_feature","inactivity_timer","no","yes","unknown","user-selected inactivity period; documented range approximately 3 to 18 months","free","partial","https://support.google.com/accounts/answer/3036546","A silence timer with no death check of any kind. Up to 10 trusted contacts are notified when the period elapses. The 3-to-18-month range is corroborated across independent secondary sources but we could not confirm the exact endpoints with a verbatim quote from Google's own page; the part that matters — that the trigger is inactivity and nothing else — is confirmed. Google separately operates a discretionary request process for deceased users' accounts that does not promise access."
"meta-legacy-contact","Legacy Contact","Meta (Facebook)","platform_legacy_feature","none","partial","yes","no","not applicable","free","verified","https://www.facebook.com/help/1568013990080948","A grief feature, not an inheritance feature. A legacy contact can manage a memorialised profile, write a pinned post, update the profile picture, respond to friend requests, and request removal of the account. They cannot log in as the deceased or read private messages — which is the correct privacy decision and also means nothing transfers. Correction to our own earlier draft: we had written that a legacy contact cannot delete the account; Meta's live help page lists requesting removal as something they can do. We were wrong."
"microsoft-account","Deceased-user account access","Microsoft","platform_legacy_feature","legal_process_only","yes","yes","unknown","unknown","free","partial","https://support.microsoft.com/en-us/account-billing/accessing-the-outlook-com-onedrive-and-other-microsoft-services-when-the-account-owner-has-died-ebbd2860-917e-4b39-9913-212362da6b2f","The most restrictive major platform: a subpoena or court order is generally required and success is not guaranteed. Two narrow documentation-only exceptions exist for Germany and China. There is no self-service legacy-contact feature; older 'Next of Kin' references date from the Hotmail era and do not appear in current documentation. Plan around Microsoft, not through it."
"bitwarden-emergency-access","Emergency Access","Bitwarden","password_manager","contact_initiated_silence_timer","no","no","yes","grantor-set, documented minimum 1 day","emergency access requires a paid grantor plan; the recipient may use a free account","verified","https://bitwarden.com/help/emergency-access/","Bitwarden's documentation is admirably clear: ""Anyone with a free or premium Bitwarden account on the same Bitwarden server can be designated as a trusted emergency contact."" This retracts a claim in our own earlier marketing that the survivor must already be a paying subscriber — that was false. The real criticism is narrower and worse: the mechanism is a silence timer that cannot distinguish a funeral from an intensive-care stay."
"lastpass-emergency-access","Emergency Access","LastPass","password_manager","contact_initiated_silence_timer","no","no","yes","grantor-set","recipient does not need Premium","partial","https://support.lastpass.com/s/document-item?language=en_US&bundleId=lastpass&topicId=LastPass/c_emergency_access.html","Same silence-timer design as every other vendor examined. No death verification."
"proton-pass-emergency-access","Emergency Access","Proton","password_manager","contact_initiated_silence_timer","no","no","yes","grantor-set","recipient may use a free Proton account","partial","https://proton.me/support/pass-emergency-access","Shipped approximately August 2025. Silence timer, no death verification."
"nordpass-emergency-access","Emergency Access","NordPass","password_manager","contact_initiated_silence_timer","no","no","yes","grantor-set","free users can be recipients","partial","https://nordpass.com/features/emergency-access/","NordPass's support article blocks automated fetching. The ""free users can be recipients"" line comes from NordPass's own blog and support-page snippets rather than a full page we retrieved ourselves."
"keeper-emergency-access","Emergency Access","Keeper Security","password_manager","contact_initiated_silence_timer","no","no","yes","grantor-set","unknown","partial","https://docs.keeper.io/en/user-guides/emergency-access","Whether the recipient needs a paid plan could not be resolved from primary documentation and we are not going to guess. The silence-timer design is confirmed."
"1password","Emergency Kit (no emergency-access feature)","1Password","password_manager","none","no","no","not applicable","not applicable","not applicable","verified","https://support.1password.com/emergency-kit/","The market leader by reputation has no mechanism for this at all. Its Emergency Kit is a self-recovery PDF and 1Password's own guidance is: ""It's important that you don't share your Emergency Kit with anyone."" The intended workaround is to print it and put it in a safe — a piece of paper, not a feature. 1Password Families 'account recovery' does not fill the gap: it resets the password of a living member who then completes the reset themselves, and a dead person cannot complete that step."
"dashlane","Emergency contacts (discontinued)","Dashlane","password_manager","none","no","no","not applicable","not applicable","not applicable","partial","https://support.dashlane.com/hc/en-us/articles/202699101","The automated emergency-contact feature was discontinued. What remains is a manual encrypted export, or live sharing between two people who are both present — which is not a legacy mechanism."
"everplans","Everplans (Deputies)","Everplans (subsidiary of Precoa)","digital_legacy_service","contact_initiated_silence_timer","no","unknown","yes","grantor-set, up to 30 days","USD 99.99/year","verified","https://www.everplans.com/blog/keep-things-private-until-after-youre-gone | https://www.everplans.com/everplans-security","A designated Deputy reports the death; Everplans then emails the user and waits. Everplans' own words: ""After reporting your death, the Deputy must wait while Everplans attempts to contact you via email with the opportunity to block the unlocking"" and ""You can choose a wait time for your unlockers of up to 30 days."" We could find no mention of a death certificate anywhere in the documented release process — if nobody clicks the 'I'm not dead' link, the vault opens. On encryption the security page never uses the words zero-knowledge, end-to-end or client-side; it describes strict internal procedures with a stated carve-out, which is a policy promise rather than a mathematical one. Hence providerCanReadUserData is recorded as unknown, not no. Acquired by National Guardian Life Insurance in January 2021 and by Precoa, a pre-need funeral marketing company, in October 2024."
"goodtrust","GoodTrust (dead man's switch)","GoodTrust","digital_legacy_service","inactivity_timer","no","yes","yes","three missed check-ins at a user-selected frequency of 1-4 times a month or year","USD 149 first year, then USD 39/year","verified","https://support.mygoodtrust.com/support/solutions/articles/66000503696-what-is-the-dead-man-switch-and-how-does-it-work- | https://mygoodtrust.com/security","GoodTrust's own words: ""select how often you would like us to check-in, 1-4 times a month/year"" and ""if you don't reply after 3 times, the dead man's switch will be activated."" No certificate, no human review. The security page describes TLS in transit, AES-256 at rest in ""our secure databases"", 2FA and SOC 2, and contains zero occurrences of zero-knowledge, end-to-end encryption or client-side encryption. That is a conventional server-side architecture: GoodTrust holds the keys."
"trustworthy","Trustworthy (legacy access)","Trustworthy","digital_legacy_service","death_certificate_human_review","yes","scoped","yes","duration of staff review","USD 0 to 40/month","verified","https://www.trustworthy.com/legacy-access-invitation | https://www.trustworthy.com/faq | https://www.trustworthy.com/blog/revolutionary-ai-features","The most interesting case in the category, because the thing it does best is exactly what creates its problem. The survivor submits a request, provides government ID, uploads a death certificate, and ""Trustworthy's team will review and validate the documents."" That is a real, human-reviewed process and it is better than every timer above. But if staff can grant a stranger access to a vault, the company can access the vault. Their confidentiality claim — ""Trustworthy uses 'aliasing', a method that scrambles data to make it unreadable. These aliases are irreversible and cannot be solved — not even by the Trustworthy team"" — is scoped to specific tokenised fields (passwords, account numbers, SSNs, notes), not to uploaded documents. Uploaded documents are precisely what their AI 'Autopilot' feature operates on: it ""analyzes hundreds of document types, powered by AI... automatically extracts key metadata, and generates concise natural language summaries."" An AI cannot summarise a document it cannot read. We allege no bad faith; the tokenised-field claim is probably accurate as written. The point is that the scope of ""not even we can read it"" is much narrower than a customer skimming the homepage would assume. For the record: Trustworthy's Series A was USD 15M led by Valor Siren Ventures in April 2022, bringing total funding to USD 19.7M — we had previously written ""USD 19.7M Series A"" and have corrected it."
"cipherwill","CipherWill","CipherWill","digital_legacy_service","inactivity_timer","no","no","yes","day 100 of continuous inactivity","free tier, or USD 40/year","verified","https://www.cipherwill.com/i/how-execution-timeline-works","An independent product with a genuine client-side encryption architecture — philosophically the closest thing in the category to what we build, and the one we most wanted to be fair to. Documented timeline: day 3 activity check, day 30 urgent attention, day 90 last call, day 100 key release to beneficiaries, day 200 zero-data purge. Any activity resets the clock, so the question deciding release is not ""did this person die"" but ""did this person log in within 100 days"". A hospitalisation, a lost phone, a lost 2FA device or a long trip is indistinguishable from death. Their homepage claims AES-256 and zero-knowledge proofs and elliptic-curve (BLS12-381, SECP256K1) and one-time-pad and lattice-based CRYSTALS-KYBER encryption simultaneously; that combination is unusual and no technical paper substantiating it appears to exist. Their client code is open source, which is genuinely commendable; the server — the component that decides when to release your data — is not."
"cairnvault","CairnVault","CairnVault","digital_legacy_service","death_certificate_human_review","yes","no","yes","duration of human claim review","USD 79 one-time to build the plan, plus an optional USD 29/year to keep it maintained — the two are separate and never bundled","self-reported","https://cairnvault.app","This is our own product and it is listed here so the schema is applied to us on the same terms as everyone else. Read this row as a vendor claim, not as research: unlike every other row it is not sourced to a third party. Encryption is client-side, key exchange is post-quantum, release requires a two-of-two split key, and death claims are reviewed by a human. The design intent is that verifying death and being unable to read the data are both true at once, which is the empty cell described in keyFinding. If you can show that some other product already occupies that cell, or that ours does not, the open challenge at https://github.com/cairnvault/digital-legacy-teardown/issues/8 is the place to say so and it will be published. Not legal advice, and not a substitute for a will or an attorney."
